{
  "mAP": 0.46237182808797384,
  "AP50": 0.5987909327457339,
  "AP75": 0.5019470749429251,
  "AP_s": 0.3111614062216629,
  "AP_m": 0.49922011521033466,
  "AP_l": 0.6577423559581207,
  "AR@1": 0.35772072089112833,
  "AR@10": 0.547729876029635,
  "AR@100": 0.5674157146902641,
  "AR_s": 0.3967675831386371,
  "AR_m": 0.6002776762509917,
  "AR_l": 0.7393284430451733
}