{
  "mAP": 0.4750658693499295,
  "AP50": 0.6169479816135502,
  "AP75": 0.51514789362673,
  "AP_s": 0.3268557178260556,
  "AP_m": 0.5111810196230999,
  "AP_l": 0.6673915268343412,
  "AR@1": 0.3627390297379938,
  "AR@10": 0.5820020304772001,
  "AR@100": 0.6133110943560283,
  "AR_s": 0.4542169402746831,
  "AR_m": 0.6436785489331782,
  "AR_l": 0.7674825079742281
}