{
  "mAP": 0.46940000417049665,
  "AP50": 0.6088439150230516,
  "AP75": 0.508863685688263,
  "AP_s": 0.32116199246355415,
  "AP_m": 0.5058837140990957,
  "AP_l": 0.6630697514317474,
  "AR@1": 0.3601265474760191,
  "AR@10": 0.5646657896937541,
  "AR@100": 0.5896079930942204,
  "AR_s": 0.4280740810797983,
  "AR_m": 0.6213588976967944,
  "AR_l": 0.7516737188558285
}