{
  "subset": 500,
  "cuda_status": null,
  "box_threshold": 0.15,
  "text_threshold": 0.05,
  "mAP": 0.4717441539971344,
  "AP50": 0.6103169193587014,
  "AP75": 0.5052949194556374,
  "AP_s": 0.34742181721840726,
  "AP_m": 0.5299868239975852,
  "AP_l": 0.6679522081975044,
  "AR@1": 0.36371793989192086,
  "AR@10": 0.5724489983146747,
  "AR@100": 0.6056546616615782,
  "AR_s": 0.4630875843656882,
  "AR_m": 0.6617008426604898,
  "AR_l": 0.7599173070953911
}