{
  "refcoco": {
    "validation": {
      "acc": 0.44,
      "n_hit": 22,
      "n_total": 50
    },
    "testB": {
      "acc": 0.28969578017664377,
      "n_hit": 1476,
      "n_total": 5095
    }
  },
  "refcoco+": {
    "validation": {
      "acc": 0.23563859453430006,
      "n_hit": 2535,
      "n_total": 10758
    },
    "testB": {
      "acc": 0.2953569237062794,
      "n_hit": 1444,
      "n_total": 4889
    }
  },
  "refcocog": {
    "validation": {
      "acc": 0.30657679738562094,
      "n_hit": 1501,
      "n_total": 4896
    }
  }
}