{
  "official_mAP": 0.4850175827904249,
  "ours_mAP": 0.46159635984208,
  "delta": 0.023421222948344922
}
