{
  "box_threshold": 0.15,
  "text_threshold": 0.05,
  "prompt_mode": "concat_token",
  "mAP": 0.46159635984208,
  "AP50": 0.6120178286559488,
  "AP75": 0.5039391815024522,
  "AP_s": 0.3125587735303332,
  "AP_m": 0.4908360696120624,
  "AP_l": 0.6072396146090592,
  "AR@1": 0.3588491976096649,
  "AR@10": 0.5838586153642749,
  "AR@100": 0.6188269865226047,
  "AR_s": 0.4469178929608671,
  "AR_m": 0.652590329393469,
  "AR_l": 0.7532362648671252
}