{
  "mAP": 0.42398445761505504,
  "AP50": 0.5595535883060854,
  "AP75": 0.46318506445863866,
  "AP_s": 0.2809730278729851,
  "AP_m": 0.4496837780129522,
  "AP_l": 0.5582536109276511,
  "AR@1": 0.3379608242062573,
  "AR@10": 0.5238816410801299,
  "AR@100": 0.5435724994676541,
  "AR_s": 0.376926590923733,
  "AR_m": 0.5737355204423554,
  "AR_l": 0.6907584808814091
}