{
  "mAP": 0.46281179093088376,
  "AP50": 0.5989292152977975,
  "AP75": 0.5023353624818666,
  "AP_s": 0.312809637495283,
  "AP_m": 0.49945636495447887,
  "AP_l": 0.6575353964888675,
  "AR@1": 0.3575916382018665,
  "AR@10": 0.5481436071168599,
  "AR@100": 0.5677051962350351,
  "AR_s": 0.39954461458566787,
  "AR_m": 0.6007400637850816,
  "AR_l": 0.7394413629268093
}