{
  "mAP": 0.2938265682214308,
  "AP50": 0.42177386662957744,
  "AP75": 0.3091822295904498,
  "AP_s": 0.1514250334599763,
  "AP_m": 0.30559411951902543,
  "AP_l": 0.46113268950042385,
  "AR@1": 0.2736146582870322,
  "AR@10": 0.411164855672727,
  "AR@100": 0.4239545057660586,
  "AR_s": 0.21976332287930556,
  "AR_m": 0.4462397534407696,
  "AR_l": 0.630784400282742
}