{
  "mAP": 0.44602223620640663,
  "AP50": 0.5896523981782141,
  "AP75": 0.4868109919093809,
  "AP_s": 0.29875061294043503,
  "AP_m": 0.4737801451804976,
  "AP_l": 0.5947884726694415,
  "AR@1": 0.35127250122231507,
  "AR@10": 0.5447531781522439,
  "AR@100": 0.5648301483833601,
  "AR_s": 0.39197632414792816,
  "AR_m": 0.5959196898004285,
  "AR_l": 0.7159458493382611
}