{
  "refcoco": {
    "testA": {
      "acc": 0.454170755642787,
      "acc_at_5": 0.8649656526005888,
      "acc_at_10": 0.9277723258096173,
      "n_hit": 2314,
      "n_hit_at_5": 4407,
      "n_hit_at_10": 4727,
      "n_total": 5095,
      "selection": "semantic"
    }
  }
}