{
  "{name}": {
    "mAP": 0.4705234363200862,
    "AP50": 0.5880376492432646,
    "AP75": 0.5033963886890358,
    "n_preds": 2731,
    "desc": "直接类别名"
  },
  "a {name}": {
    "mAP": 0.17555503847585924,
    "AP50": 0.24210411982882157,
    "AP75": 0.19967893283283558,
    "n_preds": 1675,
    "desc": "加不定冠词"
  },
  "a photo of a {name}": {
    "mAP": 0.0524063208833588,
    "AP50": 0.06327729046196545,
    "AP75": 0.05995534336042299,
    "n_preds": 185,
    "desc": "CLIP 风格"
  }
}