{
  "mAP": 0.4378715541919609,
  "AP50": 0.5655419088668561,
  "AP75": 0.47934988368136683,
  "AP_s": 0.19673709082138685,
  "AP_m": 0.4972804794810006,
  "AP_l": 0.6718159629691769,
  "AR@1": 0.35248660264855913,
  "AR@10": 0.48881974360180885,
  "AR@100": 0.4992969476606899,
  "AR_s": 0.23618424857690787,
  "AR_m": 0.5585507674144037,
  "AR_l": 0.7078091864276075
}